{"v":"5.6.8","fr":50,"ip":0,"op":20,"w":40,"h":40,"nm":"quxiaodianzan","ddd":0,"assets":[],"layers":[{"ddd":0,"ind":1,"ty":4,"nm":"hongxin 2","sr":1,"ks":{"o":{"a":0,"k":90,"ix":11},"r":{"a":0,"k":0,"ix":10},"p":{"a":0,"k":[20,20.257,0],"ix":2},"a":{"a":0,"k":[0,0,0],"ix":1},"s":{"a":1,"k":[{"i":{"x":[0.833,0.833,0.833],"y":[1,1,1]},"o":{"x":[0.001,0.001,0.001],"y":[0,0,0]},"t":0,"s":[0,0,100],"e":[107,107,100]},{"i":{"x":[0.562,0.562,0.562],"y":[0.645,0.645,1.335]},"o":{"x":[0.187,0.187,0.187],"y":[0,0,0]},"t":8,"s":[107,107,100],"e":[100,100,100]},{"t":11}],"ix":6}},"ao":0,"shapes":[{"ty":"gr","it":[{"ind":0,"ty":"sh","ix":1,"ks":{"a":0,"k":{"i":[[0,0],[0,9.09],[4.63,-6.17],[0,-9.09]],"o":[[0,0],[0,-9.09],[-6.69,-6.17],[0,9.09]],"v":[[0.003,15.169],[16.453,-5.831],[0.003,-12.001],[-16.457,-5.831]],"c":true},"ix":2},"nm":"路径 1","mn":"ADBE Vector Shape - Group","hd":false},{"ty":"rd","nm":"圆角 1","r":{"a":0,"k":1.543,"ix":1},"ix":2,"mn":"ADBE Vector Filter - RC","hd":false},{"ty":"fl","c":{"a":0,"k":[0.313725490196,0.313725490196,0.321568627451,1],"ix":4},"o":{"a":0,"k":100,"ix":5},"r":1,"bm":0,"nm":"填充 1","mn":"ADBE Vector Graphic - Fill","hd":false},{"ty":"tr","p":{"a":0,"k":[0,0],"ix":2},"a":{"a":0,"k":[0,0],"ix":1},"s":{"a":0,"k":[100,100],"ix":3},"r":{"a":0,"k":0,"ix":6},"o":{"a":0,"k":100,"ix":7},"sk":{"a":0,"k":0,"ix":4},"sa":{"a":0,"k":0,"ix":5},"nm":"变换"}],"nm":"心","np":3,"cix":2,"bm":0,"ix":1,"mn":"ADBE Vector Group","hd":false}],"ip":0,"op":20,"st":0,"bm":0}],"markers":[]}