{"v":"5.1.16","fr":30,"ip":6,"op":42,"w":200,"h":500,"nm":"上滑 output","ddd":0,"assets":[],"layers":[{"ddd":0,"ind":1,"ty":4,"nm":"手势 Outlines","sr":1,"ks":{"o":{"a":1,"k":[{"i":{"x":[0.667],"y":[1]},"o":{"x":[0.333],"y":[0]},"n":["0p667_1_0p333_0"],"t":6,"s":[0],"e":[100]},{"i":{"x":[0.667],"y":[1]},"o":{"x":[0.333],"y":[0]},"n":["0p667_1_0p333_0"],"t":12,"s":[100],"e":[100]},{"i":{"x":[0.667],"y":[1]},"o":{"x":[0.333],"y":[0]},"n":["0p667_1_0p333_0"],"t":35,"s":[100],"e":[0]},{"t":41}],"ix":11},"r":{"a":0,"k":-5,"ix":10},"p":{"a":1,"k":[{"i":{"x":0.2,"y":1},"o":{"x":0.333,"y":0},"n":"0p2_1_0p333_0","t":12,"s":[100,394.5,0],"e":[100,266.5,0],"to":[0,-21.3333339691162,0],"ti":[0,21.3333339691162,0]},{"t":28}],"ix":2},"a":{"a":0,"k":[60.5,53,0],"ix":1},"s":{"a":0,"k":[100,100,100],"ix":6}},"ao":0,"sy":[{"ty":0,"nm":"Stroke","c":{"a":0,"k":[0,0,0,1],"ix":2},"s":{"a":0,"k":2,"ix":3}}],"shapes":[{"ty":"gr","it":[{"ind":0,"ty":"sh","ix":1,"ks":{"a":0,"k":{"i":[[-4.11,3.5],[0,0],[-3.449,-4.051],[-0.016,-0.018],[0,0],[0,0],[-3.944,3.359],[-3.328,-3.906],[-0.015,-0.017],[0,0],[0,0],[-3.903,3.275],[-0.092,0.072],[-3.439,-4.097],[0,0],[0,0],[-2.717,2.281],[-0.449,0.225],[-2.18,-3.985],[0,0],[16.917,-9.254],[6.11,0.132],[5.411,2.723],[18.318,9.72],[-1.721,4.191],[-4.184,-1.529],[0,0],[0,0]],"o":[[0,0],[4.051,-3.449],[0.015,0.017],[0,0],[0,0],[-3.33,-3.968],[3.907,-3.328],[0.015,0.018],[0,0],[0,0],[-3.275,-3.902],[0.089,-0.075],[4.226,-3.28],[0,0],[0,0],[-2.28,-2.718],[0.385,-0.323],[4.062,-2.032],[0,0],[9.255,16.918],[-5.362,2.932],[-9.226,-0.199],[-12.122,-6.098],[-4.002,-2.123],[1.692,-4.121],[0,0],[0,0],[-3.393,-4.198]],"v":[[-56.344,-49.69],[-56.344,-49.69],[-42.764,-48.6],[-42.719,-48.547],[-9.811,-9.328],[-15.666,-16.306],[-14.557,-29.547],[-1.458,-28.5],[-1.413,-28.447],[4.442,-21.469],[3.39,-22.723],[4.527,-35.717],[4.799,-35.937],[18.525,-34.473],[24.345,-27.537],[22.742,-29.446],[23.534,-38.497],[24.789,-39.321],[35.972,-35.823],[56.031,0.849],[42.156,48.238],[24.646,52.513],[2.69,48.13],[-42.97,24.403],[-46.991,13.275],[-36.469,8.634],[-15.465,16.31],[-57.632,-35.855]],"c":true},"ix":2},"nm":"Path 1","mn":"ADBE Vector Shape - Group","hd":false},{"ty":"fl","c":{"a":0,"k":[1,1,1,1],"ix":4},"o":{"a":0,"k":100,"ix":5},"r":1,"nm":"Fill 1","mn":"ADBE Vector Graphic - Fill","hd":false},{"ty":"tr","p":{"a":0,"k":[60.5,52.645],"ix":2},"a":{"a":0,"k":[0,0],"ix":1},"s":{"a":0,"k":[100,100],"ix":3},"r":{"a":0,"k":0,"ix":6},"o":{"a":0,"k":100,"ix":7},"sk":{"a":0,"k":0,"ix":4},"sa":{"a":0,"k":0,"ix":5},"nm":"Transform"}],"nm":"Group 1","np":2,"cix":2,"ix":1,"mn":"ADBE Vector Group","hd":false},{"ty":"st","c":{"a":0,"k":[0,0,0,1],"ix":3},"o":{"a":0,"k":5,"ix":4},"w":{"a":0,"k":4,"ix":5},"lc":1,"lj":1,"ml":4,"nm":"Stroke 1","mn":"ADBE Vector Graphic - Stroke","hd":false}],"ip":0,"op":1841,"st":0,"bm":0},{"ddd":0,"ind":2,"ty":3,"nm":"NULL CONTROL","sr":1,"ks":{"o":{"a":0,"k":0,"ix":11},"r":{"a":0,"k":0,"ix":10},"p":{"a":0,"k":[74,193,0],"ix":2},"a":{"a":0,"k":[60,60,0],"ix":1},"s":{"a":0,"k":[100,100,100],"ix":6}},"ao":0,"ip":0,"op":450,"st":0,"bm":0},{"ddd":0,"ind":3,"ty":4,"nm":"Shape Layer 1","parent":2,"sr":1,"ks":{"o":{"a":1,"k":[{"i":{"x":[0.667],"y":[1]},"o":{"x":[0.333],"y":[0]},"n":["0p667_1_0p333_0"],"t":12,"s":[0],"e":[60]},{"i":{"x":[0.833],"y":[1]},"o":{"x":[0.333],"y":[0]},"n":["0p833_1_0p333_0"],"t":20,"s":[60],"e":[60]},{"i":{"x":[0.833],"y":[1]},"o":{"x":[0.167],"y":[0]},"n":["0p833_1_0p167_0"],"t":32,"s":[60],"e":[0]},{"t":37.599609375}],"ix":11},"r":{"a":0,"k":0,"ix":10},"p":{"a":0,"k":[32.5,224.564,0],"ix":2},"a":{"a":0,"k":[0,0,0],"ix":1},"s":{"a":0,"k":[100,100,100],"ix":6}},"ao":0,"sy":[{"ty":0,"nm":"Stroke","c":{"a":0,"k":[0,0,0,1],"ix":2},"s":{"a":0,"k":2,"ix":3}}],"shapes":[{"ty":"gr","it":[{"ind":0,"ty":"sh","ix":1,"ks":{"a":0,"k":{"i":[[0,0],[0,0]],"o":[[0,0],[0,0]],"v":[[-2,9],[-1,-131]],"c":false},"ix":2},"nm":"Path 1","mn":"ADBE Vector Shape - Group","hd":false},{"ty":"st","c":{"a":0,"k":[1,1,1,1],"ix":3},"o":{"a":0,"k":100,"ix":4},"w":{"a":0,"k":20,"ix":5},"lc":2,"lj":1,"ml":4,"nm":"Stroke 1","mn":"ADBE Vector Graphic - Stroke","hd":false},{"ty":"st","c":{"a":0,"k":[0,0,0,1],"ix":3},"o":{"a":0,"k":5,"ix":4},"w":{"a":0,"k":24,"ix":5},"lc":2,"lj":1,"ml":4,"nm":"Stroke 2","mn":"ADBE Vector Graphic - Stroke","hd":false},{"ty":"tr","p":{"a":0,"k":[0,0],"ix":2},"a":{"a":0,"k":[0,0],"ix":1},"s":{"a":0,"k":[100,100],"ix":3},"r":{"a":0,"k":0,"ix":6},"o":{"a":0,"k":100,"ix":7},"sk":{"a":0,"k":0,"ix":4},"sa":{"a":0,"k":0,"ix":5},"nm":"Transform"}],"nm":"Shape 1","np":3,"cix":2,"ix":1,"mn":"ADBE Vector Group","hd":false},{"ty":"tm","s":{"a":1,"k":[{"i":{"x":[0.2],"y":[1]},"o":{"x":[0.333],"y":[0]},"n":["0p2_1_0p333_0"],"t":15.6,"s":[0],"e":[100]},{"t":31.599609375}],"ix":1},"e":{"a":1,"k":[{"i":{"x":[0.2],"y":[1]},"o":{"x":[0.333],"y":[0]},"n":["0p2_1_0p333_0"],"t":12,"s":[0],"e":[100]},{"t":28}],"ix":2},"o":{"a":0,"k":0,"ix":3},"m":1,"ix":2,"nm":"Trim Paths 1","mn":"ADBE Vector Filter - Trim","hd":false}],"ip":0,"op":450,"st":0,"bm":0}],"markers":[]}

