{"v":"5.6.8","fr":60,"ip":0,"op":80,"w":750,"h":300,"nm":"左滑引导","ddd":0,"assets":[{"id":"comp_0","layers":[{"ddd":0,"ind":1,"ty":4,"nm":"形状图层 1","sr":1,"ks":{"o":{"a":0,"k":100,"ix":11},"r":{"a":0,"k":0,"ix":10},"p":{"a":0,"k":[375,90,0],"ix":2},"a":{"a":0,"k":[0,0,0],"ix":1},"s":{"a":0,"k":[-100,100,100],"ix":6}},"ao":0,"shapes":[{"ind":0,"ty":"sh","ix":1,"ks":{"a":0,"k":{"i":[[0,0],[0,0]],"o":[[0,0],[0,0]],"v":[[-111.375,-56.25],[147.625,-56.5]],"c":false},"ix":2},"nm":"路径 1","mn":"ADBE Vector Shape - Group","hd":false},{"ty":"st","c":{"a":0,"k":[1,1,1,1],"ix":3},"o":{"a":0,"k":60,"ix":4},"w":{"a":0,"k":32,"ix":5},"lc":2,"lj":1,"ml":4,"bm":0,"nm":"描边 1","mn":"ADBE Vector Graphic - Stroke","hd":false},{"ty":"tm","s":{"a":1,"k":[{"i":{"x":[0],"y":[1]},"o":{"x":[0.333],"y":[0]},"t":22,"s":[0],"e":[100]},{"t":58}],"ix":1},"e":{"a":1,"k":[{"i":{"x":[0],"y":[1]},"o":{"x":[0.333],"y":[0]},"t":7,"s":[0],"e":[100]},{"t":58}],"ix":2},"o":{"a":0,"k":0,"ix":3},"m":1,"ix":3,"nm":"修剪路径 1","mn":"ADBE Vector Filter - Trim","hd":false}],"ip":0,"op":80,"st":0,"bm":0},{"ddd":0,"ind":2,"ty":4,"nm":"Path 6","sr":1,"ks":{"o":{"a":1,"k":[{"i":{"x":[0.667],"y":[1]},"o":{"x":[1],"y":[-0.018]},"t":0,"s":[0],"e":[100]},{"i":{"x":[0.667],"y":[1]},"o":{"x":[0.167],"y":[0]},"t":7,"s":[100],"e":[100]},{"i":{"x":[0],"y":[1.035]},"o":{"x":[0.333],"y":[0]},"t":58,"s":[100],"e":[0]},{"t":72}],"ix":11},"r":{"a":1,"k":[{"i":{"x":[0],"y":[1]},"o":{"x":[0.333],"y":[0]},"t":7,"s":[-15],"e":[0]},{"t":65}],"ix":10},"p":{"a":1,"k":[{"i":{"x":0,"y":1},"o":{"x":0.333,"y":0},"t":7,"s":[511.681,85.487,0],"e":[238.681,85.487,0],"to":[-45.5,0,0],"ti":[45.5,0,0]},{"t":58}],"ix":2},"a":{"a":0,"k":[0,0,0],"ix":1},"s":{"a":1,"k":[{"i":{"x":[0.628,0.628,0.591],"y":[1,1,1]},"o":{"x":[0.497,0.497,0.25],"y":[0,0,0]},"t":0,"s":[-50,50,100],"e":[-48,48,100]},{"t":7}],"ix":6}},"ao":0,"shapes":[{"ty":"gr","it":[{"ind":0,"ty":"sh","ix":1,"ks":{"a":1,"k":[{"i":{"x":0.667,"y":1},"o":{"x":0.333,"y":0},"t":0,"s":[{"i":[[-5.32,-0.04],[-0.1,-5.4],[0,0],[0,0],[-3.94,-2.07],[1.68,-4.24],[8.04,-18.61],[12.12,-2.36],[3.96,20.27],[0,0],[0,0.04],[-4.9,0.89],[-0.46,0],[0,-4.22],[0,0],[0,0],[0,0.02],[-4.68,-0.04],[0,-4.74],[0,0],[0,0],[0,0.04],[-4.7,-0.07],[0,-4.8],[0,0],[0,0],[0,0.03]],"o":[[5.4,0.04],[0,0],[0,0],[2.22,-3.86],[4.04,2.11],[-5.16,13.03],[-4.9,11.33],[-20.27,3.95],[0,0],[-0.01,-0.04],[-0.89,-4.9],[0.45,-0.08],[4.22,0],[0,0],[0,0],[0,-0.03],[0.05,-4.68],[4.73,0.04],[0,0],[0,0],[0,-0.05],[0.07,-4.71],[4.81,0.07],[0,0],[0,0],[0,-0.02],[0.04,-5.32]],"v":[[11.222,-67.729],[21.102,-57.959],[22.332,9.111],[33.492,-10.279],[44.532,-13.479],[48.682,-2.309],[28.882,45.151],[1.702,67.031],[-42.168,37.481],[-49.138,1.701],[-49.158,1.581],[-41.888,-8.909],[-40.528,-9.029],[-32.888,-1.389],[-32.888,0.091],[-32.888,-9.989],[-32.888,-10.069],[-24.338,-18.459],[-15.788,-9.829],[-15.788,-7.159],[-15.788,-16.969],[-15.788,-17.099],[-7.138,-25.499],[1.522,-16.709],[1.522,-6.899],[1.522,-58.099],[1.522,-58.169]],"c":true}],"e":[{"i":[[-5.32,-0.04],[-0.1,-5.4],[0,0],[0,0],[-3.94,-2.07],[1.68,-4.24],[8.04,-18.61],[12.12,-2.36],[3.96,20.27],[0,0],[0,0.04],[-4.9,0.89],[-0.46,0],[0,-4.22],[0,0],[0,0],[0,0.02],[-4.68,-0.04],[0,-4.74],[0,0],[0,0],[0,0.04],[-4.7,-0.07],[0,-4.8],[0,0],[0,0],[0,0.03]],"o":[[5.4,0.04],[0,0],[0,0],[2.22,-3.86],[4.04,2.11],[-5.16,13.03],[-4.9,11.33],[-20.27,3.95],[0,0],[-0.01,-0.04],[-0.89,-4.9],[0.45,-0.08],[4.22,0],[0,0],[0,0],[0,-0.03],[0.05,-4.68],[4.73,0.04],[0,0],[0,0],[0,-0.05],[0.07,-4.71],[4.81,0.07],[0,0],[0,0],[0,-0.02],[0.04,-5.32]],"v":[[11.694,-65.969],[21.574,-56.199],[22.332,9.111],[33.492,-10.279],[44.532,-13.479],[48.682,-2.309],[28.882,45.151],[1.702,67.031],[-42.168,37.481],[-49.138,1.701],[-49.158,1.581],[-41.888,-8.909],[-40.528,-9.029],[-32.888,-1.389],[-32.888,0.091],[-32.888,-9.989],[-32.888,-10.069],[-24.338,-18.459],[-15.788,-9.829],[-15.788,-7.159],[-15.788,-16.969],[-15.788,-17.099],[-7.138,-25.499],[1.522,-16.709],[1.522,-6.899],[1.994,-56.339],[1.994,-56.409]],"c":true}]},{"t":7}],"ix":2},"nm":"路径 1","mn":"ADBE Vector Shape - Group","hd":false},{"ty":"fl","c":{"a":0,"k":[1,1,1,1],"ix":4},"o":{"a":0,"k":100,"ix":5},"r":1,"bm":0,"nm":"填充 1","mn":"ADBE Vector Graphic - Fill","hd":false},{"ty":"tr","p":{"a":0,"k":[0,0],"ix":2},"a":{"a":0,"k":[0,0],"ix":1},"s":{"a":0,"k":[200,200],"ix":3},"r":{"a":0,"k":0,"ix":6},"o":{"a":0,"k":100,"ix":7},"sk":{"a":0,"k":0,"ix":4},"sa":{"a":0,"k":0,"ix":5},"nm":"变换"}],"nm":"Path 6","np":2,"cix":2,"bm":0,"ix":1,"mn":"ADBE Vector Group","hd":false}],"ip":0,"op":80,"st":0,"bm":0}]}],"layers":[{"ddd":0,"ind":1,"ty":0,"nm":"预合成 2","refId":"comp_0","sr":1,"ks":{"o":{"a":0,"k":100,"ix":11},"r":{"a":0,"k":0,"ix":10},"p":{"a":0,"k":[375,150,0],"ix":2},"a":{"a":0,"k":[375,90,0],"ix":1},"s":{"a":0,"k":[130,130,100],"ix":6}},"ao":0,"w":750,"h":180,"ip":0,"op":80,"st":0,"bm":0}],"markers":[]}